Country,Country name,Region,GA,Hazard,Exposed Value (from GED),AAL,PML 20 years,PML 50 years,PML 100 years,PML 250 years,PML 500 years,PML 1000 years,PML 1500 years,,,AFG,Afghanistan,South Asia,,No,60187.9,0,0,0,0,0,0,0,0,,,AUS,Australia,East Asia and the Pacific,Yes,Yes,6616530,1076.23,3355.6,3917.02,4610.1,4613.35,4618.76,4629.58,4640.4,,,BGD,Bangladesh,South Asia,,Yes,381432,23.35,147.65,247.68,305.42,369.31,433.09,461.97,490.85,,,BRN,Brunei,East Asia and the Pacific,,Yes,71236.5,0,0,0,0,0,0,0,0,,,BTN,Bhutan,South Asia,,No,11083.7,0,0,0,0,0,0,0,0,,,CHN,China,East Asia and the Pacific,,Yes,31726100,4834,8136.54,9531.32,10298.59,12117.15,12248.62,12511.56,12774.49,,,FJI,Fiji,East Asia and the Pacific,Yes,Yes,11571,85.05,646.89,818.52,907.78,1025.85,1042.64,1076.23,1109.81,,,FSM,Micronesia,East Asia and the Pacific,,Yes,1347.82,2.07,1.85,49.46,68.04,81.41,94.59,100.09,101.74,,,HKG,Hong Kong,East Asia and the Pacific,,Yes,1250060,898.23,5650.54,8539.95,9688.13,11340.84,11759.2,12595.92,13432.64,,,IDN,Indonesia,East Asia and the Pacific,Yes,Yes,2827830,37.86,329.13,481,481.01,481.03,481.06,481.12,481.18,,,IND,India,South Asia,Yes,Yes,5769370,726.92,3767.52,4311.67,4526.74,5171.93,5540,5540,5540,,,IRN,Iran,Middle East and North Africa,,Yes,2067640,0,0,0,0,0,0,0,0,,,JPN,Japan,East Asia and the Pacific,,Yes,39255200,17812.27,33910.03,40525.86,45243.59,49145.19,55647.87,58872.81,59225.74,,,KAZ,Kazakhstan,Europe and Central Asia,,No,734310,0,0,0,0,0,0,0,0,,,KGZ,Kyrgizstan,Europe and Central Asia,,No,18466.6,0,0,0,0,0,0,0,0,,,KHM,Cambodia,East Asia and the Pacific,,Yes,27390.5,0,0,0,0,0,0,0,0,,,KIR,Kiribati,East Asia and the Pacific,,No,595.115,0,0,0,0,0,0,0,0,,,KOR,South Korea,East Asia and the Pacific,,Yes,5538600,7688.85,32448.8,44607.99,50115.44,58999.94,60040.48,62121.55,64202.62,,,LAO,Laos,East Asia and the Pacific,,No,21925.6,0,0,0,0,0,0,0,0,,,LKA,Sri Lanka,South Asia,Yes,Yes,208274,18.57,22.65,385,385,385.01,385.01,385.02,385.04,,,MAC,Macau,East Asia and the Pacific,,No,56709.1,0,0,0,0,0,0,0,0,,,MDV,Maldives,South Asia,,No,7443.12,0,0,0,0,0,0,0,0,,,MHL,Marshall Islands,East Asia and the Pacific,,No,766.314,0,0,0,0,0,0,0,0,,,MMR,Myanmar,East Asia and the Pacific,,Yes,195390,40.61,240.52,479.07,570.46,602.73,623.86,666.12,708.38,,,MNG,Mongolia,East Asia and the Pacific,,No,36587.6,0,0,0,0,0,0,0,0,,,MYS,Malaysia,East Asia and the Pacific,,Yes,1170980,0,0,0,0,0,0,0,0,,,NCL,New Caledonia,East Asia and the Pacific,Yes,Yes,17113.3,258.21,919.31,1168.78,1312.54,1325.65,1347.5,1391.2,1434.9,,,NPL,Nepal,South Asia,,No,53996.6,0,0,0,0,0,0,0,0,,,NZL,New Zealand,East Asia and the Pacific,Yes,Yes,679705,323.42,1290.38,3143.82,3830.06,3830.34,3830.82,3831.77,3832.72,,,PAK,Pakistan,South Asia,Yes,Yes,502344,18.1,136.33,272.18,294.43,344,344,344.01,344.02,,,PHL,Philippines,East Asia and the Pacific,Yes,Yes,566949,2541.62,2485.84,3118.53,3827.86,4008.12,4308.56,4909.43,5040.6,,,PLW,Palau,East Asia and the Pacific,,Yes,780.067,0.93,3.08,10.27,33.6,38.1,42.38,47.1,47.11,,,PNG,Papua New Guinea,East Asia and the Pacific,,Yes,47017.9,0.56,2.25,12.79,16.26,19.84,20.13,20.7,21.27,,,PRK,North Korea,East Asia and the Pacific,,Yes,77982.1,1.95,9.02,17.47,21,22.34,23.49,25.77,28.06,,,PYF,French Polynesia,East Asia and the Pacific,,No,22002,0,0,0,0,0,0,0,0,,,SGP,Singapore,East Asia and the Pacific,,No,1126580,0,0,0,0,0,0,0,0,,,SLB,Solomon Islands,East Asia and the Pacific,Yes,Yes,3693.47,18.42,127.46,229.9,256.03,300.01,300.05,300.14,300.23,,,THA,Thailand,East Asia and the Pacific,Yes,Yes,1379000,0,0,0,0,0,0,0,0,,,TJK,Tajikistan,Europe and Central Asia,,No,20536.9,0,0,0,0,0,0,0,0,,,TKM,Turkmenistan,Europe and Central Asia,,No,36127,0,0,0,0,0,0,0,0,,,TLS,Timor-Leste,East Asia and the Pacific,,No,12524.2,0,0,0,0,0,0,0,0,,,TON,Tonga,East Asia and the Pacific,,Yes,1303.32,0,0,0,0,0,0,0,0,,,TUV,Tuvalu,East Asia and the Pacific,,No,123.265,0,0,0,0,0,0,0,0,,,TWN,Taiwan,East Asia and the Pacific,,Yes,1680400,1494.08,2748.16,3087.82,3603.04,3698.75,3858.27,4177.31,4496.34,,,UZB,Uzbekistan,Europe and Central Asia,,No,151891,0,0,0,0,0,0,0,0,,,VNM,Vietnam,East Asia and the Pacific,,Yes,487574,40.93,110.56,175.26,212.61,241.42,265.67,303.35,304.85,,,VUT,Vanuatu,East Asia and the Pacific,Yes,Yes,2809.61,23.82,62.11,80.01,94.59,103.02,103.05,103.13,103.2,,,WSM,Samoa,East Asia and the Pacific,,No,1930.49,0,0,0,0,0,0,0,0,,,BWA,Botswana,Sub-Saharan Africa,,No,90628.6,0,0,0,0,0,0,0,0,,,COG,Congo,Sub-Saharan Africa,,No,69047.7,0,0,0,0,0,0,0,0,,,AGO,Angola,Sub-Saharan Africa,,No,176183,0,0,0,0,0,0,0,0,,,LSO,Lesotho,Sub-Saharan Africa,,No,17938,0,0,0,0,0,0,0,0,,,CMR,Cameroon,Sub-Saharan Africa,,No,81683.7,0,0,0,0,0,0,0,0,,,DJI,Djibouti,Middle East and North Africa,,No,4744.66,0,0,0,0,0,0,0,0,,,ERI,Eritrea,Sub-Saharan Africa,,No,9081.79,0,0,0,0,0,0,0,0,,,KEN,Kenya,Sub-Saharan Africa,,No,98382.7,0,0,0,0,0,0,0,0,,,GAB,Gabon,Sub-Saharan Africa,,No,120252,0,0,0,0,0,0,0,0,,,COM,Comoros,Sub-Saharan Africa,,Yes,1426.14,0.3,1.13,4.62,7.58,8.75,8.83,8.99,9.14,,,GHA,Ghana,Sub-Saharan Africa,,No,74174,0,0,0,0,0,0,0,0,,,GNB,Guinea-Bissau,Sub-Saharan Africa,,No,2029.35,0,0,0,0,0,0,0,0,,,BEN,Benin,Sub-Saharan Africa,,No,21971.9,0,0,0,0,0,0,0,0,,,BFA,Burkina Faso,Sub-Saharan Africa,,No,24689.4,0,0,0,0,0,0,0,0,,,MYT,Mayotte,Sub-Saharan Africa,,Yes,6949.04,6.12,29.92,62.8,196.12,244.77,267.48,312.04,313.82,,,MRT,Mauritania,Sub-Saharan Africa,,No,11985.5,0,0,0,0,0,0,0,0,,,BDI,Burundi,Sub-Saharan Africa,,No,3616.17,0,0,0,0,0,0,0,0,,,CIV,Ivory Coast,Sub-Saharan Africa,,No,45467.6,0,0,0,0,0,0,0,0,,,CPV,Cape Verde,Sub-Saharan Africa,,No,7137.79,0,0,0,0,0,0,0,0,,,ETH,Ethiopia,Sub-Saharan Africa,,No,65598.9,0,0,0,0,0,0,0,0,,,LBR,Liberia,Sub-Saharan Africa,,No,1911.24,0,0,0,0,0,0,0,0,,,NER,Niger,Sub-Saharan Africa,,No,12723.5,0,0,0,0,0,0,0,0,,,STP,Sao Tome And Principe,Sub-Saharan Africa,,No,2122.7,0,0,0,0,0,0,0,0,,,SWZ,Swaziland,Sub-Saharan Africa,,No,13701.2,0,0,0,0,0,0,0,0,,,SYC,Seychelles,Sub-Saharan Africa,,Yes,6234.98,0,0,0,0,0,0,0,0,,,MDG,Madagascar,Sub-Saharan Africa,,Yes,23496.4,11.68,54.63,72.37,82.85,93.14,96.91,104.46,112,,,MLI,Mali,Sub-Saharan Africa,,No,27719.2,0,0,0,0,0,0,0,0,,,MOZ,Mozambique,Sub-Saharan Africa,,Yes,36409.4,6.36,39.37,69.68,89.63,126.49,154.53,177.94,198.62,,,MWI,Malawi,Sub-Saharan Africa,,No,18357,0,0,0,0,0,0,0,0,,,NAM,Namibia,Sub-Saharan Africa,,No,42062.7,0,0,0,0,0,0,0,0,,,REU,Reunion,Sub-Saharan Africa,,Yes,67897.7,24.99,32.15,532.52,686.71,881.78,1059.41,1147.21,1235.02,,,RWA,Rwanda,Sub-Saharan Africa,,No,13197.4,0,0,0,0,0,0,0,0,,,SDN,Sudan,Sub-Saharan Africa,,No,70368.8,0,0,0,0,0,0,0,0,,,SOM,Somalia,Sub-Saharan Africa,,Yes,6408.32,0,0,0,0,0,0,0,0,,,SLE,Sierra Leone,Sub-Saharan Africa,,No,3031.82,0,0,0,0,0,0,0,0,,,TCD,Chad,Sub-Saharan Africa,,No,26745.1,0,0,0,0,0,0,0,0,,,TZA,Tanzania,Sub-Saharan Africa,,Yes,50142.8,0,0,0,0,0,0,0,0,,,UGA,Uganda,Sub-Saharan Africa,,No,43697.1,0,0,0,0,0,0,0,0,,,TUN,Tunisia,Middle East and North Africa,,No,178846,0,0,0,0,0,0,0,0,,,ZAF,South Africa,Sub-Saharan Africa,,No,1282850,0,0,0,0,0,0,0,0,,,ZMB,Zambia,Sub-Saharan Africa,,No,48954.5,0,0,0,0,0,0,0,0,,,LBY,Libya,Middle East and North Africa,,No,73757.4,0,0,0,0,0,0,0,0,,,MUS,Mauritius,Sub-Saharan Africa,,Yes,44217.9,36.37,196.59,294.73,382.82,495.31,531.59,604.14,653.66,,,MAR,Morroco,Middle East and North Africa,,No,374846,0,0,0,0,0,0,0,0,,,NGA,Nigeria,Sub-Saharan Africa,,No,592030,0,0,0,0,0,0,0,0,,,DZA,Algeria,Middle East and North Africa,,No,899206,0,0,0,0,0,0,0,0,,,EGY,Egypt,Middle East and North Africa,,No,617149,0,0,0,0,0,0,0,0,,,ESH,Western Sahara,Middle East and North Africa,,No,3690.88,0,0,0,0,0,0,0,0,,,GNQ,Equatorial Guinea,Sub-Saharan Africa,,No,20061.4,0,0,0,0,0,0,0,0,,,CAF,Central African Republic,Sub-Saharan Africa,,No,3893.74,0,0,0,0,0,0,0,0,,,GIN,Guinea,Sub-Saharan Africa,,No,13665.9,0,0,0,0,0,0,0,0,,,GMB,The Gambia,Sub-Saharan Africa,,No,2097.61,0,0,0,0,0,0,0,0,,,SEN,Senegal,Sub-Saharan Africa,,No,35335.2,0,0,0,0,0,0,0,0,,,SSD,South Sudan,Sub-Saharan Africa,,No,19958.3,0,0,0,0,0,0,0,0,,,TGO,Togo,Sub-Saharan Africa,,No,12513.7,0,0,0,0,0,0,0,0,,,ZWE,Zimbawue,Sub-Saharan Africa,,No,22038.1,0,0,0,0,0,0,0,0,,,COD,Democratic Republic of the Congo,Sub-Saharan Africa,,No,27402,0,0,0,0,0,0,0,0,,,PRT,Portugal,Europe and Central Asia,,No,1054340,0,0,0,0,0,0,0,0,,,RUS,Russia,Europe and Central Asia,,Yes,6325790,0,0,0,0,0,0,0,0,,,AZE,Azerbaijan,Europe and Central Asia,,No,192784,0,0,0,0,0,0,0,0,,,BIH,Bosnia and Herzegovina,Europe and Central Asia,,No,30656.2,0,0,0,0,0,0,0,0,,,CHE,Switzerland,Europe and Central Asia,,No,3421610,0,0,0,0,0,0,0,0,,,ALB,Albania,Europe and Central Asia,,No,40459.7,0,0,0,0,0,0,0,0,,,AND,Andorra,Europe and Central Asia,,No,8381.65,0,0,0,0,0,0,0,0,,,ARM,Armenia,Europe and Central Asia,,No,22895.2,0,0,0,0,0,0,0,0,,,AUT,Austria,Europe and Central Asia,,No,1801470,0,0,0,0,0,0,0,0,,,FIN,Finland,Europe and Central Asia,,No,965383,0,0,0,0,0,0,0,0,,,CYP,Cyprus,Europe and Central Asia,,No,71610.5,0,0,0,0,0,0,0,0,,,CZE,Czech Republic,Europe and Central Asia,,No,1007260,0,0,0,0,0,0,0,0,,,DNK,Denmark,Europe and Central Asia,,No,1346390,0,0,0,0,0,0,0,0,,,ESP,Spain,Europe and Central Asia,,No,6233960,0,0,0,0,0,0,0,0,,,EST,Estonia,Europe and Central Asia,,No,79617.3,0,0,0,0,0,0,0,0,,,FRA,France,Europe and Central Asia,,No,10329400,0,0,0,0,0,0,0,0,,,FRO,Faroe Islands,Europe and Central Asia,,No,9272.37,0,0,0,0,0,0,0,0,,,DEU,Germany,Europe and Central Asia,,No,15114900,0,0,0,0,0,0,0,0,,,GBR,United Kingdom,Europe and Central Asia,,No,7806800,0,0,0,0,0,0,0,0,,,MLT,Malta,Middle East and North Africa,,No,36990.2,0,0,0,0,0,0,0,0,,,BEL,Belgium,Europe and Central Asia,,No,1980550,0,0,0,0,0,0,0,0,,,BGR,Bulgaria,Europe and Central Asia,,No,163822,0,0,0,0,0,0,0,0,,,HRV,Croatia,Europe and Central Asia,,No,188114,0,0,0,0,0,0,0,0,,,MCO,Monaco,Europe and Central Asia,,No,20716.4,0,0,0,0,0,0,0,0,,,SVK,Slovakia,Europe and Central Asia,,No,414783,0,0,0,0,0,0,0,0,,,SWE,Sweden,Europe and Central Asia,,No,1747500,0,0,0,0,0,0,0,0,,,GEO,Georgia,Europe and Central Asia,,No,53823.5,0,0,0,0,0,0,0,0,,,GIB,Gibraltar,Europe and Central Asia,,No,4042.19,0,0,0,0,0,0,0,0,,,HUN,Hungary,Europe and Central Asia,,No,562480,0,0,0,0,0,0,0,0,,,IRL,Ireland,Europe and Central Asia,,No,778822,0,0,0,0,0,0,0,0,,,ISL,Iceland,Europe and Central Asia,,No,57291.7,0,0,0,0,0,0,0,0,,,LTU,Lithuania,Europe and Central Asia,,No,135614,0,0,0,0,0,0,0,0,,,LUX,Luxembourg,Europe and Central Asia,,No,201131,0,0,0,0,0,0,0,0,,,LVA,Latvia,Europe and Central Asia,,No,95608.8,0,0,0,0,0,0,0,0,,,MDA,Moldova,Europe and Central Asia,,No,33762.7,0,0,0,0,0,0,0,0,,,MKD,Macedonia,Europe and Central Asia,,No,32996.4,0,0,0,0,0,0,0,0,,,POL,Poland,Europe and Central Asia,,No,1614720,0,0,0,0,0,0,0,0,,,SMR,San Marino,Europe and Central Asia,,No,4049.35,0,0,0,0,0,0,0,0,,,SRB,Serbia,Europe and Central Asia,,No,57317.2,0,0,0,0,0,0,0,0,,,UKR,Ukraine,Europe and Central Asia,,No,676834,0,0,0,0,0,0,0,0,,,TUR,Turkey,Europe and Central Asia,,No,1947250,0,0,0,0,0,0,0,0,,,BLR,Belarus,Europe and Central Asia,,No,229400,0,0,0,0,0,0,0,0,,,NLD,Netherlands,Europe and Central Asia,,No,3410960,0,0,0,0,0,0,0,0,,,ITA,Italy,Europe and Central Asia,,No,8604330,0,0,0,0,0,0,0,0,,,ROU,Romania,Europe and Central Asia,,No,555697,0,0,0,0,0,0,0,0,,,SVN,Slovenia,Europe and Central Asia,,No,139900,0,0,0,0,0,0,0,0,,,GRC,Greece,Europe and Central Asia,,No,1181280,0,0,0,0,0,0,0,0,,,NOR,Norway,Europe and Central Asia,,No,1933680,0,0,0,0,0,0,0,0,,,MNE,Montenegro,Europe and Central Asia,,No,8892.93,0,0,0,0,0,0,0,0,,,ISR,Israel,Middle East and North Africa,,No,853829,0,0,0,0,0,0,0,0,,,LIE,Liechtenstein,Europe and Central Asia,,No,18837.1,0,0,0,0,0,0,0,0,,,BMU,Bermuda,North America,,No,10451.9,0,0,0,0,0,0,0,0,,,ARG,Argentina,Latin America and the Caribbean,,No,1380560,0,0,0,0,0,0,0,0,,,AIA,Anguilla,Latin America and the Caribbean,,Yes,865.496,10.07,79.97,127.61,163.34,197.85,212.01,212.04,212.07,,,ATG,Antigua and Barbuda,Latin America and the Caribbean,,Yes,6257.29,66.72,444.21,834.5,1184.09,1654.31,1880.62,2188.42,2239.48,,,DOM,Dominican Republic,Latin America and the Caribbean,,Yes,202173,40.19,211.88,463.33,681.37,710.34,758.62,855.18,897.09,,,GRD,Grenada,Latin America and the Caribbean,,Yes,4536.19,10.95,19.85,109.09,324.71,753.23,921.68,972.5,991.91,,,HND,Honduras,Latin America and the Caribbean,,Yes,77974.8,3.35,22.67,51.06,66.33,83.75,96.83,109.97,122.16,,,CHL,Chile,Latin America and the Caribbean,,No,784154,0,0,0,0,0,0,0,0,,,COL,Colombia,Latin America and the Caribbean,,Yes,944577,0,0,0,0,0,0,0,0,,,CRI,Costa Rica,Latin America and the Caribbean,,No,140412,0,0,0,0,0,0,0,0,,,CUB,Cuba,Latin America and the Caribbean,,Yes,174919,139.54,976.86,1601.54,1954.53,2348.13,2776.19,2972.27,3168.35,,,CYM,Cayman Islands,Latin America and the Caribbean,,Yes,8554.03,70.7,417.31,911.45,1368.18,1818.12,2054.46,2186.97,2319.47,,,BLZ,Belize,Latin America and the Caribbean,,Yes,5994.43,15.36,62.26,202.3,490.4,647.81,697.27,739.43,781.58,,,DMA,Dominica,Latin America and the Caribbean,,Yes,2027.94,31.63,182.24,344.46,508.96,734.37,759.5,809.75,859.99,,,FLK,Falkland Islands,Latin America and the Caribbean,,No,44.9375,0,0,0,0,0,0,0,0,,,KNA,St Kitts and Nevis,Latin America and the Caribbean,,Yes,4112.06,16.5,120.36,200.89,238.56,290.35,338.38,366.86,380.16,,,ABW,Aruba,Latin America and the Caribbean,,Yes,8909.38,26.05,93.87,512.37,689.69,857.69,958.44,1094.16,1106.14,,,BRB,Barbados,Latin America and the Caribbean,,Yes,14036.5,45.25,126.58,639.79,1483.82,2108.37,2356.67,2654.5,2940.48,,,ECU,Ecuador,Latin America and the Caribbean,,No,282705,0,0,0,0,0,0,0,0,,,BOL,Bolivia,Latin America and the Caribbean,,No,60590,0,0,0,0,0,0,0,0,,,GUF,French Guiana,Latin America and the Caribbean,,No,16800.4,0,0,0,0,0,0,0,0,,,BHS,The Bahamas,Latin America and the Caribbean,,Yes,45743.7,1343.66,9543.5,12500.46,12516.32,12563.91,12643.21,12801.82,12960.43,,,HTI,Haiti,Latin America and the Caribbean,,Yes,28268.6,10.51,53.17,102.68,138.19,213.49,258.62,302.63,312.66,,,JAM,Jamaica,Latin America and the Caribbean,,Yes,70711.4,95.42,715.94,1118.76,1372.97,1727.17,1821.28,2009.49,2197.71,,,PAN,Panama,Latin America and the Caribbean,,Yes,124687,0,0,0,0,0,0,0,0,,,PER,Peru,Latin America and the Caribbean,,No,692345,0,0,0,0,0,0,0,0,,,PRY,Paraguay,Latin America and the Caribbean,,No,92568.6,0,0,0,0,0,0,0,0,,,BRA,Brazil,Latin America and the Caribbean,,No,6817410,0,0,0,0,0,0,0,0,,,GLP,Guadeloupe,Latin America and the Caribbean,,Yes,41119.1,340.04,2111.91,4628.3,5973.07,6945.34,7560.2,7560.85,7561.51,,,GTM,Guatemala,Latin America and the Caribbean,,Yes,172912,0,0,0,0,0,0,0,0,,,GUY,Guyana,Latin America and the Caribbean,,No,8076.05,0,0,0,0,0,0,0,0,,,LCA,St Lucia,Latin America and the Caribbean,,Yes,3361.85,21.25,128.23,325.7,475.82,693.24,825.77,981.39,1002.03,,,MEX,Mexico,Latin America and the Caribbean,,Yes,4513850,103.05,265.17,573.41,1486.01,3334.32,4053.39,4285.14,4410.43,,,MSR,Montserrat,Latin America and the Caribbean,,Yes,158.421,4.38,24.52,51.92,59.61,69.8,69.81,69.82,69.83,,,MTQ,Martinique,Latin America and the Caribbean,,Yes,39559.9,94.11,480,1514.38,2199.04,2821.37,3361.5,3587.77,3814.04,,,NIC,Nicaragua,Latin America and the Caribbean,,Yes,35973.8,1.33,0.99,10.61,53.72,91.05,101.4,105.15,108.89,,,PRI,Puerto Rico,Latin America and the Caribbean,,Yes,259030,320.03,1674.25,3162.75,5430.53,8170.41,9207.43,10585.82,11448.11,,,SLV,El Salvador,Latin America and the Caribbean,,Yes,71580.5,0,0,0,0,0,0,0,0,,,SUR,Suriname,Latin America and the Caribbean,,No,9620.16,0,0,0,0,0,0,0,0,,,TCA,Turks and Caicos Islands,Latin America and the Caribbean,,No,1049.28,0,0,0,0,0,0,0,0,,,TTO,Trinidad and Tobago ,Latin America and the Caribbean,,Yes,68647.9,11.36,29,219.04,305.64,446.76,563.32,595.65,627.98,,,URY,Uruguay,Latin America and the Caribbean,,No,116460,0,0,0,0,0,0,0,0,,,VCT,St Vincent and the Grenadines,Latin America and the Caribbean,,Yes,2645.41,15.11,58.48,186.09,462.32,591.05,615.93,665.69,715.44,,,VEN,Venezuela,Latin America and the Caribbean,,Yes,1154530,15.43,63.79,283.12,425.43,575.12,671.06,696.37,721.68,,,VGB,British Virgins Islands,Latin America and the Caribbean,,No,3849.5,0,0,0,0,0,0,0,0,,,VIR,Virgin Islands,Latin America and the Caribbean,,Yes,5344.44,68.73,501.52,765.33,956.1,1159.38,1234.28,1245.11,1255.94,,,CAN,Canada,North America,,No,6291920,0,0,0,0,0,0,0,0,,,USA,United States,North America,,Yes,54922500,8774.38,27440.6,48590.06,87253.88,128149.29,137090.39,154972.59,168073.68,,,ARE,United Arab Emirates,Middle East and North Africa,,Yes,1282120,0,0,0,0,0,0,0,0,,,BHR,Bahrain,Middle East and North Africa,,No,103503,0,0,0,0,0,0,0,0,,,SYR,Syria,Middle East and North Africa,,No,204643,0,0,0,0,0,0,0,0,,,IRQ,Iraq,Middle East and North Africa,,No,132500,0,0,0,0,0,0,0,0,,,OMN,Oman,Middle East and North Africa,,Yes,202534,15.92,15.59,362.26,405.68,481.55,498.29,531.79,565.29,,,SAU,Saudi Arabia,Middle East and North Africa,,No,2141420,0,0,0,0,0,0,0,0,,,KWT,Kuwait,Middle East and North Africa,,No,469418,0,0,0,0,0,0,0,0,,,PSE,State of Palestine,Middle East and North Africa,,No,69454.3,0,0,0,0,0,0,0,0,,,YEM,Yemen,Middle East and North Africa,,No,79113.6,0,0,0,0,0,0,0,0,,,JOR,Jordan,Middle East and North Africa,,No,121481,0,0,0,0,0,0,0,0,,,LBN,Lebanon,Middle East and North Africa,,No,207724,0,0,0,0,0,0,0,0,,,QAT,Qatar,Middle East and North Africa,,No,624818,0,0,0,0,0,0,0,0,,,
