Country,Country name,Region,Exposed Value (from GED),AAL,PML 20 years,PML 50 years,PML 100 years,PML 250 years,PML 500 years,PML 1000 years,PML 1500 yearsBWA,Botswana,Sub-Saharan Africa,90628.6,0,0,0,0,0,0,0,0NAM,Namibia,Sub-Saharan Africa,42062.7,0,0,0,0,0,0,0,0COG,Congo,Sub-Saharan Africa,69047.7,0,0,0,0,0,0,0,0AGO,Angola,Sub-Saharan Africa,176183,0,0,0,0,0,0,0,0LSO,Lesotho,Sub-Saharan Africa,17938,0,0,0,0,0,0,0,0DJI,Djibouti,Middle East and North Africa,4744.66,0,0,0,0,0,0,0,0ERI,Eritrea,Sub-Saharan Africa,9081.79,0,0,0,0,0,0,0,0KEN,Kenya,Sub-Saharan Africa,98382.7,0,0,0,0,0,0,0,0CMR,Cameroon,Sub-Saharan Africa,81683.7,0,0,0,0,0,0,0,0GAB,Gabon,Sub-Saharan Africa,120252,0,0,0,0,0,0,0,0COM,Comoros,Sub-Saharan Africa,1426.14,0.26,0.92,5.63,8.49,11.1,12.7,14.14,15.59GHA,Ghana,Sub-Saharan Africa,74174,0,0,0,0,0,0,0,0GNB,Guinea-Bissau,Sub-Saharan Africa,2029.35,0,0,0,0,0,0,0,0BEN,Benin,Sub-Saharan Africa,21971.9,0,0,0,0,0,0,0,0BFA,Burkina Faso,Sub-Saharan Africa,24689.4,0,0,0,0,0,0,0,0MYT,Mayotte,Sub-Saharan Africa,6949.04,36.31,278.77,596.93,799.9,1007.52,1099.88,1284.61,1309.95MRT,Mauritania,Sub-Saharan Africa,11985.5,0,0,0,0,0,0,0,0CIV,Ivory Coast,Sub-Saharan Africa,45467.6,0,0,0,0,0,0,0,0CPV,Cape Verde,Sub-Saharan Africa,7137.79,0.15,0,0.87,7.06,10.22,11.99,12.73,13.46BDI,Burundi,Sub-Saharan Africa,3616.17,0,0,0,0,0,0,0,0ETH,Ethiopia,Sub-Saharan Africa,65598.9,0,0,0,0,0,0,0,0LBR,Liberia,Sub-Saharan Africa,1911.24,0,0,0,0,0,0,0,0NER,Niger,Sub-Saharan Africa,12723.5,0,0,0,0,0,0,0,0STP,Sao Tome And Principe,Sub-Saharan Africa,2122.7,0,0,0,0,0,0,0,0SWZ,Swaziland,Sub-Saharan Africa,13701.2,0,0,0,0,0,0,0,0SYC,Seychelles,Sub-Saharan Africa,6234.98,0,0,0,0,0,0,0,0MWI,Malawi,Sub-Saharan Africa,18357,0,0,0,0,0,0,0,0MOZ,Mozambique,Sub-Saharan Africa,36409.4,38.72,222.28,363.59,487.94,639.31,766.32,832.04,897.76MDG,Madagascar,Sub-Saharan Africa,23496.4,194.58,726.89,895.23,1061.73,1182.53,1359.9,1462.88,1503.86MLI,Mali,Sub-Saharan Africa,27719.2,0,0,0,0,0,0,0,0REU,Reunion,Sub-Saharan Africa,67897.7,114.65,148.76,2696.57,3951.13,5041.84,5918.78,6307.5,6696.21RWA,Rwanda,Sub-Saharan Africa,13197.4,0,0,0,0,0,0,0,0SDN,Sudan,Sub-Saharan Africa,70368.8,0,0,0,0,0,0,0,0SOM,Somalia,Sub-Saharan Africa,6408.32,0,0,0,0,0,0,0,0TCD,Chad,Sub-Saharan Africa,26745.1,0,0,0,0,0,0,0,0SLE,Sierra Leone,Sub-Saharan Africa,3031.82,0,0,0,0,0,0,0,0TZA,Tanzania,Sub-Saharan Africa,50142.8,0,0,0,0,0,0,0,0UGA,Uganda,Sub-Saharan Africa,43697.1,0,0,0,0,0,0,0,0ZMB,Zambia,Sub-Saharan Africa,48954.5,0,0,0,0,0,0,0,0TUN,Tunisia,Middle East and North Africa,178846,0,0,0,0,0,0,0,0ZAF,South Africa,Sub-Saharan Africa,1282850,0,0,0,0,0,0,0,0LBY,Libya,Middle East and North Africa,73757.4,0,0,0,0,0,0,0,0MUS,Mauritius,Sub-Saharan Africa,44217.9,57.15,269.95,831.07,1262.25,1657.26,1835.08,2172.35,2212.69MAR,Morroco,Middle East and North Africa,374846,0,0,0,0,0,0,0,0NGA,Nigeria,Sub-Saharan Africa,592030,0,0,0,0,0,0,0,0CAF,Central African Republic,Sub-Saharan Africa,3893.74,0,0,0,0,0,0,0,0DZA,Algeria,Middle East and North Africa,899206,0,0,0,0,0,0,0,0EGY,Egypt,Middle East and North Africa,617149,0,0,0,0,0,0,0,0ESH,Western Sahara,Middle East and North Africa,3690.88,0,0,0,0,0,0,0,0GNQ,Equatorial Guinea,Sub-Saharan Africa,20061.4,0,0,0,0,0,0,0,0GIN,Guinea,Sub-Saharan Africa,13665.9,0,0,0,0,0,0,0,0GMB,The Gambia,Sub-Saharan Africa,2097.61,0,0,0,0,0,0,0,0SEN,Senegal,Sub-Saharan Africa,35335.2,0,0,0,0,0,0,0,0SSD,South Sudan,Sub-Saharan Africa,19958.3,0,0,0,0,0,0,0,0TGO,Togo,Sub-Saharan Africa,12513.7,0,0,0,0,0,0,0,0ZWE,Zimbawue,Sub-Saharan Africa,22038.1,0,0,0,0,0,0,0,0COD,Democratic Republic of the Congo,Sub-Saharan Africa,27402,0,0,0,0,0,0,0,0TLS,Timor-Leste,East Asia and the Pacific,12524.2,0,0,0,0,0,0,0,0KHM,Cambodia,East Asia and the Pacific,27390.5,0.01,0,0.14,0.24,0.33,0.35,0.4,0.44IRN,Iran,Middle East and North Africa,2067640,0,0,0,0,0,0,0,0PRK,North Korea,East Asia and the Pacific,77982.1,0,0,0,0,0,0,0,0THA,Thailand,East Asia and the Pacific,1379000,0.02,0,0,0,0,0,0,0NZL,New Zealand,East Asia and the Pacific,679705,1.05,0,27.32,44.16,57,64.43,73.3,74.85IDN,Indonesia,East Asia and the Pacific,2827830,0,0,0,0,0,0,0,0TUV,Tuvalu,East Asia and the Pacific,123.265,0,0,0,0,0,0,0,0PAK,Pakistan,South Asia,502344,7.5,0,173.3,220.79,265.18,309.38,325.77,342.15KOR,South Korea,East Asia and the Pacific,5538600,64.15,339.87,849.52,1105.13,1408.73,1499.89,1680.13,1860.37LKA,Sri Lanka,South Asia,208274,1.7,1.79,37.1,45.35,52.28,59.81,64.52,65.62AUS,Australia,East Asia and the Pacific,6616530,129.23,401.03,1495.5,2071.07,2498.77,2932.4,3048.13,3163.87PNG,Papua New Guinea,East Asia and the Pacific,47017.9,0.87,5.98,15,17.42,21.11,21.73,22.97,24.2LAO,Laos,East Asia and the Pacific,21925.6,0.35,2.52,4.25,5.18,6.26,7.44,7.84,8.23MAC,Macau,East Asia and the Pacific,56709.1,2.18,12.89,21.89,35.54,47.87,57.79,60.61,63.07VNM,Vietnam,East Asia and the Pacific,487574,35.14,140.64,289.1,621.19,876.13,1072.2,1147.87,1223.53HKG,Hong Kong,East Asia and the Pacific,1250060,113.44,772.67,1094.77,1349.65,1729.68,1996.14,2282.23,2375.31JPN,Japan,East Asia and the Pacific,39255200,4533.35,11867.43,22861.42,33925.57,46339.5,55105.9,62223.25,69340.61IND,India,South Asia,5769370,1160.44,10062.93,16330.44,20139.23,23949,28081.57,29608.06,31134.55MMR,Myanmar,East Asia and the Pacific,195390,41.76,245.37,352.48,418.69,467.52,509.1,589.11,592MHL,Marshall Islands,East Asia and the Pacific,766.314,0.25,1.96,3.43,4.6,5.73,6.37,7.26,7.32BGD,Bangladesh,South Asia,381432,465.85,452.77,9705.84,13545.05,17810.98,19852.02,23479.03,24083.06TWN,Taiwan,East Asia and the Pacific,1680400,2913.48,10594.3,14313.72,16708.2,20736.6,21899.39,24224.98,26550.56FSM,Micronesia,East Asia and the Pacific,1347.82,4.31,23.11,49.94,88.02,141.21,165.61,194.82,202.36FJI,Fiji,East Asia and the Pacific,11571,45.22,307.98,753.59,961.3,1172.67,1288.37,1386.68,1484.99PYF,French Polynesia,East Asia and the Pacific,22002,104.08,246.82,1965.36,2716.03,3598.98,4265.23,4837.63,5410.02SLB,Solomon Islands,East Asia and the Pacific,3693.47,21.24,52.89,481.55,741.67,884.7,985.64,1022.88,1060.11PHL,Philippines,East Asia and the Pacific,566949,4071.51,13456.31,18350.42,21890.05,26833.42,29207.14,32395.48,35583.82WSM,Samoa,East Asia and the Pacific,1930.49,14.29,30.27,378.56,496.65,554.09,647.04,649.55,652.06VUT,Vanuatu,East Asia and the Pacific,2809.61,35.05,253.09,445,544.87,582.91,619.87,693.8,741.15NCL,New Caledonia,East Asia and the Pacific,17113.3,221.95,749.05,3448.79,4496.84,5670.62,6346.91,7256.69,7333.58TON,Tonga,East Asia and the Pacific,1303.32,18.03,71.34,256.84,407.77,492.67,572.54,583.71,594.89PLW,Palau,East Asia and the Pacific,780.067,11.88,35.92,233.44,422.63,463.98,499.22,569.69,0MYS,Malaysia,East Asia and the Pacific,1170980,0,0,0,0,0,0,0,0MNG,Mongolia,East Asia and the Pacific,36587.6,0,0,0,0,0,0,0,0BTN,Bhutan,South Asia,11083.7,0,0,0,0,0,0,0,0TKM,Turkmenistan,Europe and Central Asia,36127,0,0,0,0,0,0,0,0CHN,China,East Asia and the Pacific,31726100,1271.05,4532.94,8306.87,12962.98,18469.1,22534.45,24644.54,26754.62NPL,Nepal,South Asia,53996.6,0,0,0,0,0,0,0,0AFG,Afghanistan,South Asia,60187.9,0,0,0,0,0,0,0,0BRN,Brunei,East Asia and the Pacific,71236.5,0,0,0,0,0,0,0,0SGP,Singapore,East Asia and the Pacific,1126580,0,0,0,0,0,0,0,0KIR,Kiribati,East Asia and the Pacific,595.115,0,0,0,0,0,0,0,0KGZ,Kyrgizstan,Europe and Central Asia,18466.6,0,0,0,0,0,0,0,0UZB,Uzbekistan,Europe and Central Asia,151891,0,0,0,0,0,0,0,0TJK,Tajikistan,Europe and Central Asia,20536.9,0,0,0,0,0,0,0,0MDV,Maldives,South Asia,7443.12,0,0,0,0,0,0,0,0KAZ,Kazakhstan,Europe and Central Asia,734310,0,0,0,0,0,0,0,0URY,Uruguay,Latin America and the Caribbean,116460,0,0,0,0,0,0,0,0FLK,Falkland Islands,Latin America and the Caribbean,44.9375,0,0,0,0,0,0,0,0SUR,Suriname,Latin America and the Caribbean,9620.16,0,0,0,0,0,0,0,0CHL,Chile,Latin America and the Caribbean,784154,0,0,0,0,0,0,0,0PER,Peru,Latin America and the Caribbean,692345,0,0,0,0,0,0,0,0ARG,Argentina,Latin America and the Caribbean,1380560,0,0,0,0,0,0,0,0BOL,Bolivia,Latin America and the Caribbean,60590,0,0,0,0,0,0,0,0GUF,French Guiana,Latin America and the Caribbean,16800.4,0,0,0,0,0,0,0,0ECU,Ecuador,Latin America and the Caribbean,282705,0,0,0,0,0,0,0,0PRY,Paraguay,Latin America and the Caribbean,92568.6,0,0,0,0,0,0,0,0BRA,Brazil,Latin America and the Caribbean,6817410,0,0,0,0,0,0,0,0CYM,Cayman Islands,Latin America and the Caribbean,8554.03,315.81,1627.1,4244.32,0,0,0,0,0ATG,Antigua and Barbuda,Latin America and the Caribbean,6257.29,171.57,876.67,3056.16,3814.43,4319.25,0,0,0TCA,Turks and Caicos Islands,Latin America and the Caribbean,1049.28,20.61,103.6,377.63,524.11,602.15,648.87,742.31,0BHS,The Bahamas,Latin America and the Caribbean,45743.7,846.32,5444.7,11651.31,16596.06,20455.6,21536.93,23699.59,25862.25VIR,Virgin Islands,Latin America and the Caribbean,5344.44,94.27,383.9,1588.18,2211.83,2487.82,2741.95,3110.95,3114.4VGB,British Virgins Islands,Latin America and the Caribbean,3849.5,66.12,419.63,883.42,1185.35,1466.96,1725.7,1775.29,1824.88MSR,Montserrat,Latin America and the Caribbean,158.421,2.56,10.66,41.91,64.93,88.74,93.58,102.09,110.61PRI,Puerto Rico,Latin America and the Caribbean,259030,4035.05,16326.16,48439,99156.8,155361.35,157946.43,163116.58,168286.73GLP,Guadeloupe,Latin America and the Caribbean,41119.1,563.47,2161.2,10628.97,15108.87,19213.25,21398.94,24515.25,24567.71AIA,Anguilla,Latin America and the Caribbean,865.496,10.65,52.45,133.37,270.28,383.49,419.78,492.36,497.56DMA,Dominica,Latin America and the Caribbean,2027.94,23.83,106.8,344.45,528.03,1007.38,1153.15,1162.81,1172.47KNA,St Kitts and Nevis,Latin America and the Caribbean,4112.06,38.88,171.7,626.36,901.45,1254.07,1448.02,1656.09,1812.66MTQ,Martinique,Latin America and the Caribbean,39559.9,257.35,781.25,3268.98,6671.59,13990.26,17977.76,19166.44,20355.12LCA,St Lucia,Latin America and the Caribbean,3361.85,20.42,98.79,268.31,517.28,905.87,1132.52,1228.54,1324.56BMU,Bermuda,North America,10451.9,61.19,323.6,711.34,1227.91,2382.21,3182.84,3722.22,3926.06BLZ,Belize,Latin America and the Caribbean,5994.43,28.15,49.54,513.63,815.2,1259.01,1547.03,1754.13,1960.06JAM,Jamaica,Latin America and the Caribbean,70711.4,307.49,1127.09,2618.48,8541.92,18059.98,21419.59,24091.7,24819.62BRB,Barbados,Latin America and the Caribbean,14036.5,35.47,81.36,559.01,1013.51,1738.23,2157.03,2443.84,2730.64DOM,Dominican Republic,Latin America and the Caribbean,202173,509.16,1455.33,6992.64,16523.64,23386.37,28441.88,29879.85,31317.81VCT,St Vincent and the Grenadines,Latin America and the Caribbean,2645.41,6.58,20.78,92.02,118.77,395.71,517.39,621.94,656.16GRD,Grenada,Latin America and the Caribbean,4536.19,10.12,13.87,119.61,258.81,753.58,915.64,1011.88,1108.12ABW,Aruba,Latin America and the Caribbean,8909.38,13.3,54.86,169.87,362.31,700.15,855.18,1024.02,1069.98HTI,Haiti,Latin America and the Caribbean,28268.6,40.65,161.33,418.42,822.42,1918.58,2634.78,3205.53,3456.45CUB,Cuba,Latin America and the Caribbean,174919,182.37,996.73,1886.15,2333.5,2884.76,3445.33,3658.94,3843.59HND,Honduras,Latin America and the Caribbean,77974.8,20.99,37.46,284.32,575.56,1230,1639.16,1932.04,2155.35TTO,Trinidad and Tobago ,Latin America and the Caribbean,68647.9,12.62,12.04,122.66,233.25,1111.18,1348.61,1511.67,1579.18MEX,Mexico,Latin America and the Caribbean,4513850,613.02,1903.38,6332.4,13376.75,18112.76,21542.8,25216.82,27955.25NIC,Nicaragua,Latin America and the Caribbean,35973.8,2.52,4.46,21.06,82.39,175.23,231.99,263.73,292.5VEN,Venezuela,Latin America and the Caribbean,1154530,21.56,18.04,117.68,930.58,1448.66,1663.08,1953.2,1996.45CRI,Costa Rica,Latin America and the Caribbean,140412,0,0,0,0,0,0,0,0COL,Colombia,Latin America and the Caribbean,944577,0,0,0,0,0,0,0,0PAN,Panama,Latin America and the Caribbean,124687,0,0,0,0,0,0,0,0GTM,Guatemala,Latin America and the Caribbean,172912,0,0,0,0,0,0,0,0SLV,El Salvador,Latin America and the Caribbean,71580.5,0,0,0,0,0,0,0,0GUY,Guyana,Latin America and the Caribbean,8076.05,0,0,0,0,0,0,0,0USA,United States of America,North America,54922500,19778.35,82084.94,165837.16,217870.83,262718.45,293927.1,316953.44,339979.77CAN,Canada,North America,6291920,97.47,529.83,1339.33,2167.85,2857.12,3472.24,3790.75,3965.29ARE,United Arab Emirates,Middle East and North Africa,1282120,0,0,0,0,0,0,0,0OMN,Oman,Middle East and North Africa,202534,8.97,4.92,199.46,200.82,204.9,211.71,225.32,238.93SYR,Syria,Middle East and North Africa,204643,0,0,0,0,0,0,0,0SAU,Saudi Arabia,Middle East and North Africa,2141420,0,0,0,0,0,0,0,0IRQ,Iraq,Middle East and North Africa,132500,0,0,0,0,0,0,0,0BHR,Bahrain,Middle East and North Africa,103503,0,0,0,0,0,0,0,0YEM,Yemen,Middle East and North Africa,79113.6,0,0,0,0,0,0,0,0KWT,Kuwait,Middle East and North Africa,469418,0,0,0,0,0,0,0,0PSE,State of Palestine,Middle East and North Africa,69454.3,0,0,0,0,0,0,0,0JOR,Jordan,Middle East and North Africa,121481,0,0,0,0,0,0,0,0LBN,Lebanon,Middle East and North Africa,207724,0,0,0,0,0,0,0,0QAT,Qatar,Middle East and North Africa,624818,0,0,0,0,0,0,0,0PRT,Portugal,Europe and Central Asia,1054340,0,0,0,0,0,0,0,0AZE,Azerbaijan,Europe and Central Asia,192784,0,0,0,0,0,0,0,0CHE,Switzerland,Europe and Central Asia,3421610,0,0,0,0,0,0,0,0RUS,Russia,Europe and Central Asia,6325790,0,0,0,0,0,0,0,0LVA,Latvia,Europe and Central Asia,95608.8,0,0,0,0,0,0,0,0MDA,Moldova,Europe and Central Asia,33762.7,0,0,0,0,0,0,0,0MKD,Macedonia,Europe and Central Asia,32996.4,0,0,0,0,0,0,0,0TUR,Turkey,Europe and Central Asia,1947250,0,0,0,0,0,0,0,0ALB,Albania,Europe and Central Asia,40459.7,0,0,0,0,0,0,0,0AND,Andorra,Europe and Central Asia,8381.65,0,0,0,0,0,0,0,0ARM,Armenia,Europe and Central Asia,22895.2,0,0,0,0,0,0,0,0LTU,Lithuania,Europe and Central Asia,135614,0,0,0,0,0,0,0,0LUX,Luxembourg,Europe and Central Asia,201131,0,0,0,0,0,0,0,0IRL,Ireland,Europe and Central Asia,778822,0,0,0,0,0,0,0,0BIH,Bosnia and Herzegovina,Europe and Central Asia,30656.2,0,0,0,0,0,0,0,0FIN,Finland,Europe and Central Asia,965383,0,0,0,0,0,0,0,0AUT,Austria,Europe and Central Asia,1801470,0,0,0,0,0,0,0,0CYP,Cyprus,Europe and Central Asia,71610.5,0,0,0,0,0,0,0,0ESP,Spain,Europe and Central Asia,6233960,0,0,0,0,0,0,0,0CZE,Czech Republic,Europe and Central Asia,1007260,0,0,0,0,0,0,0,0EST,Estonia,Europe and Central Asia,79617.3,0,0,0,0,0,0,0,0DNK,Denmark,Europe and Central Asia,1346390,0,0,0,0,0,0,0,0DEU,Germany,Europe and Central Asia,15114900,0,0,0,0,0,0,0,0FRO,Faroe Islands,Europe and Central Asia,9272.37,1.13,0,0.12,0.64,147.43,199.02,239.48,259.54FRA,France,Europe and Central Asia,10329400,0,0,0,0,0,0,0,0MLT,Malta,Middle East and North Africa,36990.2,0,0,0,0,0,0,0,0GBR,United Kingdom,Europe and Central Asia,7806800,0,0,0,0,0,0,0,0BGR,Bulgaria,Europe and Central Asia,163822,0,0,0,0,0,0,0,0MCO,Monaco,Europe and Central Asia,20716.4,0,0,0,0,0,0,0,0HRV,Croatia,Europe and Central Asia,188114,0,0,0,0,0,0,0,0BEL,Belgium,Europe and Central Asia,1980550,0,0,0,0,0,0,0,0SVK,Slovakia,Europe and Central Asia,414783,0,0,0,0,0,0,0,0SWE,Sweden,Europe and Central Asia,1747500,0,0,0,0,0,0,0,0GEO,Georgia,Europe and Central Asia,53823.5,0,0,0,0,0,0,0,0GIB,Gibraltar,Europe and Central Asia,4042.19,0,0,0,0,0,0,0,0ISL,Iceland,Europe and Central Asia,57291.7,0,0,0,0,0,0,0,0HUN,Hungary,Europe and Central Asia,562480,0,0,0,0,0,0,0,0SMR,San Marino,Europe and Central Asia,4049.35,0,0,0,0,0,0,0,0POL,Poland,Europe and Central Asia,1614720,0,0,0,0,0,0,0,0SRB,Serbia,Europe and Central Asia,57317.2,0,0,0,0,0,0,0,0UKR,Ukraine,Europe and Central Asia,676834,0,0,0,0,0,0,0,0NLD,Netherlands,Europe and Central Asia,3410960,0,0,0,0,0,0,0,0BLR,Belarus,Europe and Central Asia,229400,0,0,0,0,0,0,0,0ROU,Romania,Europe and Central Asia,555697,0,0,0,0,0,0,0,0ITA,Italy,Europe and Central Asia,8604330,0,0,0,0,0,0,0,0SVN,Slovenia,Europe and Central Asia,139900,0,0,0,0,0,0,0,0NOR,Norway,Europe and Central Asia,1933680,0,0,0,0,0,0,0,0GRC,Greece,Europe and Central Asia,1181280,0,0,0,0,0,0,0,0MNE,Montenegro,Europe and Central Asia,8892.93,0,0,0,0,0,0,0,0ISR,Israel,Middle East and North Africa,853829,0,0,0,0,0,0,0,0LIE,Liechtenstein,Europe and Central Asia,18837.1,0,0,0,0,0,0,0,0
